bw_S,bw_ns,c_s,c_ns
1.738394125,1.340949958,0.902651292,1.963427667
0.06601575,1.308066959,0.802354583,0.098450667
0.902204938,1.579853291,0.156815625,0.040714458
0.902204938,0.092156584,0.065307625,0.046674709
0.902204938,1.080256698,0.045003792,0.537316875